{
    "animations": [{
        "name": "default",
        "fps": 29,
        "tracks": []
    }],
    "materials": [{
        "color": 2236962,
        "uuid": "548DD2E5-D166-3DFF-AF37-91C6E9316DB8",
        "emissive": 0,
        "depthWrite": true,
        "ambient": 2236962,
        "depthTest": true,
        "specular": 131586,
        "shininess": 50,
        "blending": "NormalBlending",
        "vertexColors": false,
        "name": "222222",
        "type": "MeshPhongMaterial"
    },{
        "color": 3152390,
        "uuid": "EDE6D512-207D-3FC1-B4D3-6D4630A06A29",
        "emissive": 0,
        "depthWrite": true,
        "ambient": 3152390,
        "depthTest": true,
        "specular": 131586,
        "shininess": 50,
        "blending": "NormalBlending",
        "vertexColors": false,
        "name": "301a06",
        "type": "MeshPhongMaterial"
    },{
        "color": 11579568,
        "uuid": "B92F5ACA-E24A-3A69-B2DD-69B8C9C5682C",
        "emissive": 0,
        "depthWrite": true,
        "ambient": 11579568,
        "depthTest": true,
        "specular": 131586,
        "shininess": 50,
        "blending": "NormalBlending",
        "vertexColors": false,
        "name": "b0b0b0",
        "type": "MeshPhongMaterial"
    }],
    "geometries": [{
        "type": "Geometry",
        "uuid": "997EDC3F-BDE1-3BCE-AFCF-A3EBBF80E5BF",
        "materials": [{
            "specularCoef": 50,
            "colorAmbient": [0.690196,0.690196,0.690196],
            "colorEmissive": [0,0,0],
            "depthWrite": true,
            "shading": "phong",
            "depthTest": true,
            "colorDiffuse": [0.690196,0.690196,0.690196],
            "visible": true,
            "DbgIndex": 0,
            "blending": "NormalBlending",
            "wireframe": false,
            "colorSpecular": [0.009961,0.009961,0.009961],
            "opacity": 1,
            "transparent": false,
            "DbgName": "b0b0b0",
            "DbgColor": 15658734
        }],
        "data": {
            "bones": [],
            "faces": [43,0,2,3,1,0,0,1,2,3,0,1,2,3,43,4,6,7,5,0,0,1,2,3,4,5,6,7,43,0,1,4,5,0,2,3,0,1,0,3,4,7,43,7,6,3,2,0,0,1,2,3,6,5,2,1,43,2,0,5,7,0,2,3,0,1,1,0,7,6,43,1,3,6,4,0,0,1,2,3,3,2,5,4],
            "influencesPerVertex": 2,
            "vertices": [0.165,-0.165,1.25,0.165,0.165,1.25,0.165,-0.165,-1.25,0.165,0.165,-1.25,-0.165,0.165,1.25,-0.165,-0.165,1.25,-0.165,0.165,-1.25,-0.165,-0.165,-1.25],
            "skinIndices": [],
            "morphTargets": [],
            "animations": [],
            "normals": [0.577349,-0.577349,0.577349,0.577349,-0.577349,-0.577349,0.577349,0.577349,-0.577349,0.577349,0.577349,0.577349,-0.577349,0.577349,0.577349,-0.577349,0.577349,-0.577349,-0.577349,-0.577349,-0.577349,-0.577349,-0.577349,0.577349],
            "skinWeights": [],
            "name": "frontRightLegGeometry",
            "metadata": {
                "bones": 0,
                "morphTargets": 0,
                "version": 3,
                "materials": 1,
                "generator": "io_three",
                "faces": 6,
                "vertices": 8,
                "uvs": 1,
                "normals": 8
            },
            "uvs": [[0,1,0,0,1,0,1,1]]
        }
    },{
        "type": "Geometry",
        "uuid": "AF88C7F2-1DC1-3441-B8BD-9A88DF523C80",
        "materials": [{
            "specularCoef": 50,
            "colorAmbient": [0.133333,0.133333,0.133333],
            "colorEmissive": [0,0,0],
            "depthWrite": true,
            "shading": "phong",
            "depthTest": true,
            "colorDiffuse": [0.133333,0.133333,0.133333],
            "visible": true,
            "DbgIndex": 0,
            "blending": "NormalBlending",
            "wireframe": false,
            "colorSpecular": [0.009961,0.009961,0.009961],
            "opacity": 1,
            "transparent": false,
            "DbgName": "222222",
            "DbgColor": 15658734
        }],
        "data": {
            "bones": [],
            "faces": [43,0,2,3,1,0,0,1,2,3,0,1,2,3,43,4,6,7,5,0,0,1,2,3,4,5,6,7,43,0,1,4,5,0,2,3,0,1,0,3,4,7,43,7,6,3,2,0,0,1,2,3,6,5,2,1,43,2,0,5,7,0,2,3,0,1,1,0,7,6,43,1,3,6,4,0,0,1,2,3,3,2,5,4],
            "influencesPerVertex": 2,
            "vertices": [0.01,-1.75,0.095,0.01,1.75,0.095,0.01,-1.75,-0.095,0.01,1.75,-0.095,-0.01,1.75,0.095,-0.01,-1.75,0.095,-0.01,1.75,-0.095,-0.01,-1.75,-0.095],
            "skinIndices": [],
            "morphTargets": [],
            "animations": [],
            "normals": [0.577349,-0.577349,0.577349,0.577349,-0.577349,-0.577349,0.577349,0.577349,-0.577349,0.577349,0.577349,0.577349,-0.577349,0.577349,0.577349,-0.577349,0.577349,-0.577349,-0.577349,-0.577349,-0.577349,-0.577349,-0.577349,0.577349],
            "skinWeights": [],
            "name": "leftAngleIronB1Geometry",
            "metadata": {
                "bones": 0,
                "morphTargets": 0,
                "version": 3,
                "materials": 1,
                "generator": "io_three",
                "faces": 6,
                "vertices": 8,
                "uvs": 1,
                "normals": 8
            },
            "uvs": [[0,1,0,0,1,0,1,1]]
        }
    },{
        "type": "Geometry",
        "uuid": "0F8904D9-7727-3889-AB59-973E729EF5A2",
        "materials": [{
            "specularCoef": 50,
            "colorAmbient": [0.690196,0.690196,0.690196],
            "colorEmissive": [0,0,0],
            "depthWrite": true,
            "shading": "phong",
            "depthTest": true,
            "colorDiffuse": [0.690196,0.690196,0.690196],
            "visible": true,
            "DbgIndex": 0,
            "blending": "NormalBlending",
            "wireframe": false,
            "colorSpecular": [0.009961,0.009961,0.009961],
            "opacity": 1,
            "transparent": false,
            "DbgName": "b0b0b0",
            "DbgColor": 15658734
        }],
        "data": {
            "bones": [],
            "faces": [43,0,2,3,1,0,0,1,2,3,0,1,2,3,43,4,6,7,5,0,0,1,2,3,4,5,6,7,43,0,1,4,5,0,2,3,0,1,0,3,4,7,43,7,6,3,2,0,0,1,2,3,6,5,2,1,43,2,0,5,7,0,2,3,0,1,1,0,7,6,43,1,3,6,4,0,0,1,2,3,3,2,5,4],
            "influencesPerVertex": 2,
            "vertices": [0.165,-0.165,1.25,0.165,0.165,1.25,0.165,-0.165,-1.25,0.165,0.165,-1.25,-0.165,0.165,1.25,-0.165,-0.165,1.25,-0.165,0.165,-1.25,-0.165,-0.165,-1.25],
            "skinIndices": [],
            "morphTargets": [],
            "animations": [],
            "normals": [0.577349,-0.577349,0.577349,0.577349,-0.577349,-0.577349,0.577349,0.577349,-0.577349,0.577349,0.577349,0.577349,-0.577349,0.577349,0.577349,-0.577349,0.577349,-0.577349,-0.577349,-0.577349,-0.577349,-0.577349,-0.577349,0.577349],
            "skinWeights": [],
            "name": "backRightLegGeometry",
            "metadata": {
                "bones": 0,
                "morphTargets": 0,
                "version": 3,
                "materials": 1,
                "generator": "io_three",
                "faces": 6,
                "vertices": 8,
                "uvs": 1,
                "normals": 8
            },
            "uvs": [[0,1,0,0,1,0,1,1]]
        }
    },{
        "type": "Geometry",
        "uuid": "9D90B3DA-B035-3BDB-8DCA-857CC3BC5F4D",
        "materials": [{
            "specularCoef": 50,
            "colorAmbient": [0.133333,0.133333,0.133333],
            "colorEmissive": [0,0,0],
            "depthWrite": true,
            "shading": "phong",
            "depthTest": true,
            "colorDiffuse": [0.133333,0.133333,0.133333],
            "visible": true,
            "DbgIndex": 0,
            "blending": "NormalBlending",
            "wireframe": false,
            "colorSpecular": [0.009961,0.009961,0.009961],
            "opacity": 1,
            "transparent": false,
            "DbgName": "222222",
            "DbgColor": 15658734
        }],
        "data": {
            "bones": [],
            "faces": [43,0,2,3,1,0,0,1,2,3,0,1,2,3,43,4,6,7,5,0,0,1,2,3,4,5,6,7,43,0,1,4,5,0,2,3,0,1,0,3,4,7,43,7,6,3,2,0,0,1,2,3,6,5,2,1,43,2,0,5,7,0,2,3,0,1,1,0,7,6,43,1,3,6,4,0,0,1,2,3,3,2,5,4],
            "influencesPerVertex": 2,
            "vertices": [0.01,-1.75,0.095,0.01,1.75,0.095,0.01,-1.75,-0.095,0.01,1.75,-0.095,-0.01,1.75,0.095,-0.01,-1.75,0.095,-0.01,1.75,-0.095,-0.01,-1.75,-0.095],
            "skinIndices": [],
            "morphTargets": [],
            "animations": [],
            "normals": [0.577349,-0.577349,0.577349,0.577349,-0.577349,-0.577349,0.577349,0.577349,-0.577349,0.577349,0.577349,0.577349,-0.577349,0.577349,0.577349,-0.577349,0.577349,-0.577349,-0.577349,-0.577349,-0.577349,-0.577349,-0.577349,0.577349],
            "skinWeights": [],
            "name": "rightAngleIronBGeometry",
            "metadata": {
                "bones": 0,
                "morphTargets": 0,
                "version": 3,
                "materials": 1,
                "generator": "io_three",
                "faces": 6,
                "vertices": 8,
                "uvs": 1,
                "normals": 8
            },
            "uvs": [[0,1,0,0,1,0,1,1]]
        }
    },{
        "type": "Geometry",
        "uuid": "DDD9B04B-E536-3FC0-87B2-AA9CFCADA9A1",
        "materials": [{
            "specularCoef": 50,
            "colorAmbient": [0.690196,0.690196,0.690196],
            "colorEmissive": [0,0,0],
            "depthWrite": true,
            "shading": "phong",
            "depthTest": true,
            "colorDiffuse": [0.690196,0.690196,0.690196],
            "visible": true,
            "DbgIndex": 0,
            "blending": "NormalBlending",
            "wireframe": false,
            "colorSpecular": [0.009961,0.009961,0.009961],
            "opacity": 1,
            "transparent": false,
            "DbgName": "b0b0b0",
            "DbgColor": 15658734
        }],
        "data": {
            "bones": [],
            "faces": [43,0,2,3,1,0,0,1,2,3,0,1,2,3,43,4,6,7,5,0,0,1,2,3,4,5,6,7,43,0,1,4,5,0,2,3,0,1,0,3,4,7,43,7,6,3,2,0,0,1,2,3,6,5,2,1,43,2,0,5,7,0,2,3,0,1,1,0,7,6,43,1,3,6,4,0,0,1,2,3,3,2,5,4],
            "influencesPerVertex": 2,
            "vertices": [0.165,-0.165,1.25,0.165,0.165,1.25,0.165,-0.165,-1.25,0.165,0.165,-1.25,-0.165,0.165,1.25,-0.165,-0.165,1.25,-0.165,0.165,-1.25,-0.165,-0.165,-1.25],
            "skinIndices": [],
            "morphTargets": [],
            "animations": [],
            "normals": [0.577349,-0.577349,0.577349,0.577349,-0.577349,-0.577349,0.577349,0.577349,-0.577349,0.577349,0.577349,0.577349,-0.577349,0.577349,0.577349,-0.577349,0.577349,-0.577349,-0.577349,-0.577349,-0.577349,-0.577349,-0.577349,0.577349],
            "skinWeights": [],
            "name": "backLeftLegGeometry",
            "metadata": {
                "bones": 0,
                "morphTargets": 0,
                "version": 3,
                "materials": 1,
                "generator": "io_three",
                "faces": 6,
                "vertices": 8,
                "uvs": 1,
                "normals": 8
            },
            "uvs": [[0,1,0,0,1,0,1,1]]
        }
    },{
        "type": "Geometry",
        "uuid": "1383210F-342D-3466-A1A4-F6E4C833BF2B",
        "materials": [{
            "specularCoef": 50,
            "colorAmbient": [0.690196,0.690196,0.690196],
            "colorEmissive": [0,0,0],
            "depthWrite": true,
            "shading": "phong",
            "depthTest": true,
            "colorDiffuse": [0.690196,0.690196,0.690196],
            "visible": true,
            "DbgIndex": 0,
            "blending": "NormalBlending",
            "wireframe": false,
            "colorSpecular": [0.009961,0.009961,0.009961],
            "opacity": 1,
            "transparent": false,
            "DbgName": "b0b0b0",
            "DbgColor": 15658734
        }],
        "data": {
            "bones": [],
            "faces": [43,0,2,3,1,0,0,1,2,3,0,1,2,3,43,4,6,7,5,0,0,1,2,3,4,5,6,7,43,0,1,4,5,0,2,3,0,1,0,3,4,7,43,7,6,3,2,0,0,1,2,3,6,5,2,1,43,2,0,5,7,0,2,3,0,1,1,0,7,6,43,1,3,6,4,0,0,1,2,3,3,2,5,4],
            "influencesPerVertex": 2,
            "vertices": [0.165,-0.165,1.25,0.165,0.165,1.25,0.165,-0.165,-1.25,0.165,0.165,-1.25,-0.165,0.165,1.25,-0.165,-0.165,1.25,-0.165,0.165,-1.25,-0.165,-0.165,-1.25],
            "skinIndices": [],
            "morphTargets": [],
            "animations": [],
            "normals": [0.577349,-0.577349,0.577349,0.577349,-0.577349,-0.577349,0.577349,0.577349,-0.577349,0.577349,0.577349,0.577349,-0.577349,0.577349,0.577349,-0.577349,0.577349,-0.577349,-0.577349,-0.577349,-0.577349,-0.577349,-0.577349,0.577349],
            "skinWeights": [],
            "name": "frontLeftLegGeometry",
            "metadata": {
                "bones": 0,
                "morphTargets": 0,
                "version": 3,
                "materials": 1,
                "generator": "io_three",
                "faces": 6,
                "vertices": 8,
                "uvs": 1,
                "normals": 8
            },
            "uvs": [[0,1,0,0,1,0,1,1]]
        }
    },{
        "type": "Geometry",
        "uuid": "1848DDEB-1D10-3600-B089-99C0A6AF7C2F",
        "materials": [{
            "specularCoef": 50,
            "colorAmbient": [0.133333,0.133333,0.133333],
            "colorEmissive": [0,0,0],
            "depthWrite": true,
            "shading": "phong",
            "depthTest": true,
            "colorDiffuse": [0.133333,0.133333,0.133333],
            "visible": true,
            "DbgIndex": 0,
            "blending": "NormalBlending",
            "wireframe": false,
            "colorSpecular": [0.009961,0.009961,0.009961],
            "opacity": 1,
            "transparent": false,
            "DbgName": "222222",
            "DbgColor": 15658734
        }],
        "data": {
            "bones": [],
            "faces": [43,3,5,4,2,0,0,1,2,3,0,1,2,3,42,0,3,2,0,0,2,3,4,0,3,42,6,7,3,0,4,5,2,5,5,0,42,0,6,3,0,0,4,2,4,5,0,43,1,0,2,4,0,2,3,0,1,6,4,3,2],
            "influencesPerVertex": 2,
            "vertices": [-0.085,1.75,0.01,-0.085,1.75,-0.01,0.085,1.75,0.01,0.085,-1.75,0.01,0.085,1.75,-0.01,0.085,-1.75,-0.01,-0.085,0,0.01,-0.085,-1.58511,0.01],
            "skinIndices": [],
            "morphTargets": [],
            "animations": [],
            "normals": [0.890927,0,0.454115,1,0,0,0.707083,0.707083,0,0.577349,0.577349,0.577349,0,0.707083,0.707083,0,0,1,0,1,0],
            "skinWeights": [],
            "name": "rightAngleIronGeometry",
            "metadata": {
                "bones": 0,
                "morphTargets": 0,
                "version": 3,
                "materials": 1,
                "generator": "io_three",
                "faces": 5,
                "vertices": 8,
                "uvs": 1,
                "normals": 7
            },
            "uvs": [[1,1,1,0,0,0,0,1,1,0.5,1,0.0421]]
        }
    },{
        "type": "Geometry",
        "uuid": "10B34B79-D267-326D-8D41-A3D71989B81A",
        "materials": [{
            "specularCoef": 50,
            "colorAmbient": [0.133333,0.133333,0.133333],
            "colorEmissive": [0,0,0],
            "depthWrite": true,
            "shading": "phong",
            "depthTest": true,
            "colorDiffuse": [0.133333,0.133333,0.133333],
            "visible": true,
            "DbgIndex": 0,
            "blending": "NormalBlending",
            "wireframe": false,
            "colorSpecular": [0.009961,0.009961,0.009961],
            "opacity": 1,
            "transparent": false,
            "DbgName": "222222",
            "DbgColor": 15658734
        }],
        "data": {
            "bones": [],
            "faces": [43,2,4,5,3,0,0,1,2,3,0,1,2,3,42,2,6,0,0,0,5,3,0,4,5,42,3,7,6,0,1,4,5,3,4,4,42,2,3,6,0,0,1,5,0,3,4,43,0,1,4,2,0,0,1,2,3,5,6,1,0],
            "influencesPerVertex": 2,
            "vertices": [0.085,1.75,0.01,0.085,1.75,-0.01,-0.085,1.75,0.01,-0.085,-1.75,0.01,-0.085,1.75,-0.01,-0.085,-1.75,-0.01,0.085,0,0.01,0.085,-1.58496,0.01],
            "skinIndices": [],
            "morphTargets": [],
            "animations": [],
            "normals": [-0.577349,0.577349,0.577349,-0.707083,0.707083,0,-1,0,0,-0.891018,0,0.453902,0,0,1,0,0.707083,0.707083,0,1,0],
            "skinWeights": [],
            "name": "leftAngleIronGeometry",
            "metadata": {
                "bones": 0,
                "morphTargets": 0,
                "version": 3,
                "materials": 1,
                "generator": "io_three",
                "faces": 5,
                "vertices": 8,
                "uvs": 1,
                "normals": 7
            },
            "uvs": [[0,1,0,0,1,0,1,1,1,0.0421,1,0.5]]
        }
    },{
        "type": "Geometry",
        "uuid": "0E042FE7-B860-31F5-BFF2-E16344842258",
        "materials": [{
            "specularCoef": 50,
            "colorAmbient": [0.133333,0.133333,0.133333],
            "colorEmissive": [0,0,0],
            "depthWrite": true,
            "shading": "phong",
            "depthTest": true,
            "colorDiffuse": [0.133333,0.133333,0.133333],
            "visible": true,
            "DbgIndex": 0,
            "blending": "NormalBlending",
            "wireframe": false,
            "colorSpecular": [0.009961,0.009961,0.009961],
            "opacity": 1,
            "transparent": false,
            "DbgName": "222222",
            "DbgColor": 15658734
        }],
        "data": {
            "bones": [],
            "faces": [42,1,3,0,0,0,3,4,0,0,0,42,2,4,3,0,1,2,3,0,0,0,42,1,2,3,0,0,1,3,0,0,0],
            "influencesPerVertex": 2,
            "vertices": [0.085,2.83513,0.01,-0.085,3.00497,0.01,-0.080381,-3.0053,0.01,0.085,0,0.01,0.085,-2.83515,0.01],
            "skinIndices": [],
            "morphTargets": [],
            "animations": [],
            "normals": [0,0,1],
            "skinWeights": [],
            "name": "frontAngleIronGeometry",
            "metadata": {
                "bones": 0,
                "morphTargets": 0,
                "version": 3,
                "materials": 1,
                "generator": "io_three",
                "faces": 3,
                "vertices": 5,
                "uvs": 1,
                "normals": 1
            },
            "uvs": [[0.5,1,0.975528,0.654508,0.793893,0.095491,0.206107,0.095492,0.024472,0.654509]]
        }
    },{
        "type": "Geometry",
        "uuid": "5EA87DB5-8673-3FB0-B39A-CF5707707E87",
        "materials": [{
            "specularCoef": 50,
            "colorAmbient": [0.188235,0.101961,0.023529],
            "colorEmissive": [0,0,0],
            "depthWrite": true,
            "shading": "phong",
            "depthTest": true,
            "colorDiffuse": [0.188235,0.101961,0.023529],
            "visible": true,
            "DbgIndex": 0,
            "blending": "NormalBlending",
            "wireframe": false,
            "colorSpecular": [0.009961,0.009961,0.009961],
            "opacity": 1,
            "transparent": false,
            "DbgName": "301a06",
            "DbgColor": 15658734
        }],
        "data": {
            "bones": [],
            "faces": [43,0,2,3,1,0,0,1,2,3,0,1,2,3,43,4,6,7,5,0,0,1,2,3,4,5,6,7,43,0,1,4,5,0,2,3,0,1,0,3,4,7,43,7,6,3,2,0,0,1,2,3,6,5,2,1,43,2,0,5,7,0,2,3,0,1,1,0,7,6,43,1,3,6,4,0,0,1,2,3,3,2,5,4],
            "influencesPerVertex": 2,
            "vertices": [3,-1.75,0.085,3,1.75,0.085,3,-1.75,-0.085,3,1.75,-0.085,-3,1.75,0.085,-3,-1.75,0.085,-3,1.75,-0.085,-3,-1.75,-0.085],
            "skinIndices": [],
            "morphTargets": [],
            "animations": [],
            "normals": [0.577349,-0.577349,0.577349,0.577349,-0.577349,-0.577349,0.577349,0.577349,-0.577349,0.577349,0.577349,0.577349,-0.577349,0.577349,0.577349,-0.577349,0.577349,-0.577349,-0.577349,-0.577349,-0.577349,-0.577349,-0.577349,0.577349],
            "skinWeights": [],
            "name": "deskTopGeometry",
            "metadata": {
                "bones": 0,
                "morphTargets": 0,
                "version": 3,
                "materials": 1,
                "generator": "io_three",
                "faces": 6,
                "vertices": 8,
                "uvs": 1,
                "normals": 8
            },
            "uvs": [[0,1,0,0,1,0,1,1]]
        }
    }],
    "metadata": {
        "type": "Object",
        "generator": "io_three",
        "version": 4.4
    },
    "object": {
        "children": [{
            "name": "backLeftLeg",
            "uuid": "C630E902-FB15-312A-A5FD-788E7B989536",
            "matrix": [-1,0,0,0,0,0,1,0,0,1,0,0,2.75,1.25,1.5,1],
            "visible": true,
            "type": "Mesh",
            "material": "B92F5ACA-E24A-3A69-B2DD-69B8C9C5682C",
            "castShadow": true,
            "receiveShadow": true,
            "geometry": "DDD9B04B-E536-3FC0-87B2-AA9CFCADA9A1"
        },{
            "name": "backRightLeg",
            "uuid": "BFFC4FE9-81B2-3642-9ECC-44628887FD34",
            "matrix": [-1,0,0,0,0,0,1,0,0,1,0,0,-2.75,1.25,1.5,1],
            "visible": true,
            "type": "Mesh",
            "material": "B92F5ACA-E24A-3A69-B2DD-69B8C9C5682C",
            "castShadow": true,
            "receiveShadow": true,
            "geometry": "0F8904D9-7727-3889-AB59-973E729EF5A2"
        },{
            "name": "deskTop",
            "uuid": "DF010C25-1ED5-3C1F-9F52-59656DEE64BF",
            "matrix": [-1,0,0,0,0,0,1,0,0,1,0,0,0,2.585,0,1],
            "visible": true,
            "type": "Mesh",
            "material": "EDE6D512-207D-3FC1-B4D3-6D4630A06A29",
            "castShadow": true,
            "receiveShadow": true,
            "geometry": "5EA87DB5-8673-3FB0-B39A-CF5707707E87"
        },{
            "name": "frontAngleIron",
            "uuid": "91B89F77-823A-3989-B4A8-735CF141D73E",
            "matrix": [0,0,1,0,1,0,-0,0,0,1,0,0,0,2.679,-1.67,1],
            "visible": true,
            "type": "Mesh",
            "material": "548DD2E5-D166-3DFF-AF37-91C6E9316DB8",
            "castShadow": true,
            "receiveShadow": true,
            "geometry": "0E042FE7-B860-31F5-BFF2-E16344842258"
        },{
            "name": "frontLeftLeg",
            "uuid": "18E388B8-401E-3338-8829-0F45DC455D4D",
            "matrix": [-1,0,0,0,0,0,1,0,0,1,0,0,2.75,1.25,-1.5,1],
            "visible": true,
            "type": "Mesh",
            "material": "B92F5ACA-E24A-3A69-B2DD-69B8C9C5682C",
            "castShadow": true,
            "receiveShadow": true,
            "geometry": "1383210F-342D-3466-A1A4-F6E4C833BF2B"
        },{
            "name": "frontRightLeg",
            "uuid": "42723120-43F2-3B2B-B1C8-DB62957365B1",
            "matrix": [-1,0,0,0,0,0,1,0,0,1,0,0,-2.75,1.25,-1.5,1],
            "visible": true,
            "type": "Mesh",
            "material": "B92F5ACA-E24A-3A69-B2DD-69B8C9C5682C",
            "castShadow": true,
            "receiveShadow": true,
            "geometry": "997EDC3F-BDE1-3BCE-AFCF-A3EBBF80E5BF"
        },{
            "name": "leftAngleIron",
            "uuid": "B15DB0FA-8FAD-36E7-A4EB-6BCCA1CF9EC3",
            "matrix": [-1,0,0,0,0,0,1,0,0,1,0,0,2.92,2.679,0,1],
            "visible": true,
            "type": "Mesh",
            "material": "548DD2E5-D166-3DFF-AF37-91C6E9316DB8",
            "castShadow": true,
            "receiveShadow": true,
            "geometry": "10B34B79-D267-326D-8D41-A3D71989B81A"
        },{
            "name": "leftAngleIronB1",
            "uuid": "147E2EBC-3CC5-398E-B56A-ACC34A75BC8E",
            "matrix": [-1,0,0,0,0,0,1,0,0,1,0,0,3.015,2.595,0,1],
            "visible": true,
            "type": "Mesh",
            "material": "548DD2E5-D166-3DFF-AF37-91C6E9316DB8",
            "castShadow": true,
            "receiveShadow": true,
            "geometry": "AF88C7F2-1DC1-3441-B8BD-9A88DF523C80"
        },{
            "name": "rightAngleIron",
            "uuid": "0323E8BA-6369-3A00-92AB-0538823F3E1E",
            "matrix": [-1,0,0,0,0,0,1,0,0,1,0,0,-2.92,2.679,0,1],
            "visible": true,
            "type": "Mesh",
            "material": "548DD2E5-D166-3DFF-AF37-91C6E9316DB8",
            "castShadow": true,
            "receiveShadow": true,
            "geometry": "1848DDEB-1D10-3600-B089-99C0A6AF7C2F"
        },{
            "name": "rightAngleIronB",
            "uuid": "03CA06D1-B7A9-3D39-A638-8FE0B9D73B62",
            "matrix": [-1,0,0,0,0,0,1,0,0,1,0,0,-3.015,2.595,0,1],
            "visible": true,
            "type": "Mesh",
            "material": "548DD2E5-D166-3DFF-AF37-91C6E9316DB8",
            "castShadow": true,
            "receiveShadow": true,
            "geometry": "9D90B3DA-B035-3BDB-8DCA-857CC3BC5F4D"
        }],
        "type": "Scene",
        "matrix": [1,0,0,0,0,1,0,0,0,0,1,0,0,0,0,1],
        "uuid": "06EAE02C-9B8D-4D21-B478-5722D8DE7F42"
    },
    "textures": [],
    "images": []
}